Power,Distance
"(12, 27.023398876190186)","(13, 47.87667989730835)","(13, 45.71366310119629)","(14, 51.42582654953003)","(15, 57.698166370391846)","(15, 58.59363079071045)","(16, 59.75896120071411)","(16, 60.61762571334839)","(17, 64.06863927841187)","(17, 67.98169612884521)","(17, 67.51147508621216)","(18, 71.17511034011841)","(18, 71.73937559127808)","(18, 71.51857614517212)","(18, 72.50808477401733)","(18, 75.18221139907837)"
