Power,Distance
"(10, 19.356751441955566)","(12, 32.187652587890625)","(13, 37.79350519180298)","(13, 37.88754940032959)","(13, 41.518473625183105)","(13, 43.1662917137146)","(13, 43.41980218887329)","(14, 43.01091432571411)","(14, 44.883620738983154)","(14, 44.79775428771973)","(14, 50.66120624542236)","(14, 50.01107454299927)","(14, 50.01107454299927)","(15, 56.8722128868103)","(15, 58.34012031555176)","(15, 56.78225755691528)","(16, 60.544025897979736)","(16, 60.355937480926514)","(16, 61.04695796966553)","(16, 63.27539682388306)","(17, 64.82917070388794)","(17, 65.03770351409912)","(17, 67.47058629989624)","(17, 67.9367184638977)","(17, 69.6826696395874)","(18, 71.26915454864502)"
