Distance	Power
22.41114	10
20.53026	10
21.77328	10
28.46677	11
30.25361	11
33.80276	11
33.98267	11
33.69236	12
36.88986	12
37.23742	13
39.8543	13
44.74869	13
45.98353	14
49.97427	14
50.06832	14
50.71436	14
56.90084	15
56.5083	15
60.48678	16
63.60251	16
64.97637	16
71.22827	17
73.97599	18
79.85171	18
90.73222	19
91.41506	19
96.53842	20
115.83793	23
118.99455	23
113.05341	23
